id,group,locus,nt_start,nt_end,description,length,dna_seq,aa_seq
1,CDS,MT-ATP6,8527,9207,ATP Synthase F0 subunit 6,681,ATGAACGAAAATCTGTTCGCTTCATTCATTGCCCCCACAATCCTAGGCCTACCCGCCGCAGTACTGATCATTCTATTTCCCCCTCTATTGATCCCCACCTCCAAATATCTCATCAACAACCGACTAATTACCACCCAACAATGACTAATCAAACTAACCTCAAAACAAATGATAGCCATACACAACACTAAAGGACGAACCTGATCTCTTATACTAGTATCCTTAATCATTTTTATTGCCACAACTAACCTCCTCGGACTCCTGCCTCACTCATTTACACCAACCACCCAACTATCTATAAACCTAGCCATGGCCATCCCCTTATGAGCGGGCGCAGTGATTATAGGCTTTCGCTCTAAGATTAAAAATGCCCTAGCCCACTTCTTACCACAAGGCACACCTACACCCCTTATCCCCATACTAGTTATTATCGAAACCATCAGCCTACTCATTCAACCAATAGCCCTGGCCGTACGCCTAACCGCTAACATTACTGCAGGCCACCTACTCATGCACCTAATTGGAAGCGCCACCCTAGCAATATCAACCATTAACCTTCCCTCTACACTTATCATCTTCACAATTCTAATTCTACTGACTATCCTAGAAATCGCTGTCGCCTTAATCCAAGCCTACGTTTTCACACTTCTAGTAAGCCTCTACCTGCACGACAACACATAA,MNENLFASFIAPTILGLPAAVLIILFPPLLIPTSKYLINNRLITTQQWLIKLTSKQMMTMHNTKGRTWSLMLVSLIIFIATTNLLGLLPHSFTPTTQLSMNLAMAIPLWAGTVIMGFRSKIKNALAHFLPQGTPTPLIPMLVIIETISLLIQPMALAVRLTANITAGHLLMHLIGSATLAMSTINLPSTLIIFTILILLTILEIAVALIQAYVFTLLVSLYLHDNTX
2,CDS,MT-ATP8,8366,8572,ATP Synthase F0 subunit 8,207,ATGCCCCAACTAAATACTACCGTATGGCCCACCATAATTACCCCCATACTCCTTACACTATTCCTCATCACCCAACTAAAAATATTAAACACAAACTACCACTTACCTCCCTCACCAAAGCCCATAAAAATAAAAAATTATAACAAACCCTGAGAACCAAAATGAACGAAAATCTGTTCGCTTCATTCATTGCCCCCACAATCCTAG,MPQLNTTVWPTMITPMLLTLFLITQLKMLNTNYHLPPSPKPMKMKNYNKPWEPKWTKICSLHSLPPQSX
3,CDS,MT-CO1,5904,7445,Cytochrome C Oxidase subunit I,1542,ATGTTCGCCGACCGTTGACTATTCTCTACAAACCACAAAGACATTGGAACACTATACCTATTATTCGGCGCATGAGCTGGAGTCCTAGGCACAGCTCTAAGCCTCCTTATTCGAGCCGAGCTGGGCCAGCCAGGCAACCTTCTAGGTAACGACCACATCTACAACGTTATCGTCACAGCCCATGCATTTGTAATAATCTTCTTCATAGTAATACCCATCATAATCGGAGGCTTTGGCAACTGACTAGTTCCCCTAATAATCGGTGCCCCCGATATGGCGTTTCCCCGCATAAACAACATAAGCTTCTGACTCTTACCTCCCTCTCTCCTACTCCTGCTCGCATCTGCTATAGTGGAGGCCGGAGCAGGAACAGGTTGAACAGTCTACCCTCCCTTAGCAGGGAACTACTCCCACCCTGGAGCCTCCGTAGACCTAACCATCTTCTCCTTACACCTAGCAGGTGTCTCCTCTATCTTAGGGGCCATCAATTTCATCACAACAATTATCAATATAAAACCCCCTGCCATAACCCAATACCAAACGCCCCTCTTCGTCTGATCCGTCCTAATCACAGCAGTCCTACTTCTCCTATCTCTCCCAGTCCTAGCTGCTGGCATCACTATACTACTAACAGACCGCAACCTCAACACCACCTTCTTCGACCCCGCCGGAGGAGGAGACCCCATTCTATACCAACACCTATTCTGATTTTTCGGTCACCCTGAAGTTTATATTCTTATCCTACCAGGCTTCGGAATAATCTCCCATATTGTAACTTACTACTCCGGAAAAAAAGAACCATTTGGATACATAGGTATGGTCTGAGCTATGATATCAATTGGCTTCCTAGGGTTTATCGTGTGAGCACACCATATATTTACAGTAGGAATAGACGTAGACACACGAGCATATTTCACCTCCGCTACCATAATCATCGCTATCCCCACCGGCGTCAAAGTATTTAGCTGACTCGCCACACTCCACGGAAGCAATATGAAATGATCTGCTGCAGTGCTCTGAGCCCTAGGATTCATCTTTCTTTTCACCGTAGGTGGCCTGACTGGCATTGTATTAGCAAACTCATCACTAGACATCGTACTACACGACACGTACTACGTTGTAGCTCACTTCCACTATGTCCTATCAATAGGAGCTGTATTTGCCATCATAGGAGGCTTCATTCACTGATTTCCCCTATTCTCAGGCTACACCCTAGACCAAACCTACGCCAAAATCCATTTCGCTATCATATTCATCGGCGTAAATCTAACTTTCTTCCCACAACACTTTCTCGGCCTATCCGGAATGCCCCGACGTTACTCGGACTACCCCGATGCATACACCACATGAAATATCCTATCATCTGTAGGCTCATTCATTTCTCTAACAGCAGTAATATTAATAATTTTCATGATTTGAGAAGCCTTCGCTTCGAAGCGAAAAGTCCTAATAGTAGAAGAACCCTCCATAAACCTGGAGTGACTATATGGATGCCCCCCACCCTACCACACATTCGAAGAACCCGTATACATAAAATCTAGA,MFADRWLFSTNHKDIGTLYLLFGAWAGVLGTALSLLIRAELGQPGNLLGNDHIYNVIVTAHAFVMIFFMVMPIMIGGFGNWLVPLMIGAPDMAFPRMNNMSFWLLPPSLLLLLASAMVEAGAGTGWTVYPPLAGNYSHPGASVDLTIFSLHLAGVSSILGAINFITTIINMKPPAMTQYQTPLFVWSVLITAVLLLLSLPVLAAGITMLLTDRNLNTTFFDPAGGGDPILYQHLFWFFGHPEVYILILPGFGMISHIVTYYSGKKEPFGYMGMVWAMMSIGFLGFIVWAHHMFTVGMDVDTRAYFTSATMIIAIPTGVKVFSWLATLHGSNMKWSAAVLWALGFIFLFTVGGLTGIVLANSSLDIVLHDTYYVVAHFHYVLSMGAVFAIMGGFIHWFPLFSGYTLDQTYAKIHFTIMFIGVNLTFFPQHFLGLSGMPRRYSDYPDAYTTWNILSSVGSFISLTAVMLMIFMIWEAFASKRKVLMVEEPSMNLEWLYGCPPPYHTFEEPVYMKSX
4,CDS,MT-CO2,7586,8269,Cytochrome C Oxidase subunit II,684,ATGGCACATGCAGCGCAAGTAGGTCTACAAGACGCTACTTCCCCTATCATAGAAGAGCTTATCACCTTTCATGATCACGCCCTCATAATCATTTTCCTTATCTGCTTCCTAGTCCTGTATGCCCTTTTCCTAACACTCACAACAAAACTAACTAATACTAACATCTCAGACGCTCAGGAAATAGAAACCGTCTGAACTATCCTGCCCGCCATCATCCTAGTCCTCATCGCCCTCCCATCCCTACGCATCCTTTACATAACAGACGAGGTCAACGATCCCTCCCTTACCATCAAATCAATTGGCCACCAATGGTACTGAACCTACGAGTACACCGACTACGGCGGACTAATCTTCAACTCCTACATACTTCCCCCATTATTCCTAGAACCAGGCGACCTGCGACTCCTTGACGTTGACAATCGAGTAGTACTCCCGATTGAAGCCCCCATTCGTATAATAATTACATCACAAGACGTCTTGCACTCATGAGCTGTCCCCACATTAGGCTTAAAAACAGATGCAATTCCCGGACGTCTAAACCAAACCACTTTCACCGCTACACGACCGGGGGTATACTACGGTCAATGCTCTGAAATCTGTGGAGCAAACCACAGTTTCATGCCCATCGTCCTAGAATTAATTCCCCTAAAAATCTTTGAAATAGGGCCCGTATTTACCCTATAG,MAHAAQVGLQDATSPIMEELITFHDHALMIIFLICFLVLYALFLTLTTKLTNTNISDAQEMETVWTILPAIILVLIALPSLRILYMTDEVNDPSLTIKSIGHQWYWTYEYTDYGGLIFNSYMLPPLFLEPGDLRLLDVDNRVVLPIEAPIRMMITSQDVLHSWAVPTLGLKTDAIPGRLNQTTFTATRPGVYYGQCSEICGANHSFMPIVLELIPLKIFEMGPVFTLX
5,CDS,MT-CO3,9207,9990,Cytochrome C Oxidase subunit III,784,ATGACCCACCAATCACATGCCTATCATATAGTAAAACCCAGCCCATGACCCCTAACAGGGGCCCTCTCAGCCCTCCTAATGACCTCCGGCCTAGCCATGTGATTTCACTTCCACTCCATAACGCTCCTCATACTAGGCCTACTAACCAACACACTAACCATATACCAATGATGGCGCGATGTAACACGAGAAAGCACATACCAAGGCCACCACACACCACCTGTCCAAAAAGGCCTTCGATACGGGATAATCCTATTTATTACCTCAGAAGTTTTTTTCTTCGCAGGATTTTTCTGAGCCTTTTACCACTCCAGCCTAGCCCCTACCCCCCAACTAGGAGGGCACTGGCCCCCAACAGGCATCACCCCGCTAAATCCCCTAGAAGTCCCACTCCTAAACACATCCGTATTACTCGCATCAGGAGTATCAATCACCTGAGCTCACCATAGTCTAATAGAAAACAACCGAAACCAAATAATTCAAGCACTGCTTATTACAATTTTACTGGGTCTCTATTTTACCCTCCTACAAGCCTCAGAGTACTTCGAGTCTCCCTTCACCATTTCCGACGGCATCTACGGCTCAACATTTTTTGTAGCCACAGGCTTCCACGGACTTCACGTCATTATTGGCTCAACTTTCCTCACTATCTGCTTCATCCGCCAACTAATATTTCACTTTACATCCAAACATCACTTTGGCTTCGAAGCCGCCGCCTGATACTGGCATTTTGTAGATGTGGTTTGACTATTTCTGTATGTCTCCATCTATTGATGAGGGTCTT,MTHQSHAYHMVKPSPWPLTGALSALLMTSGLAMWFHFHSMTLLMLGLLTNTLTMYQWWRDVTRESTYQGHHTPPVQKGLRYGMILFITSEVFFFAGFFWAFYHSSLAPTPQLGGHWPPTGITPLNPLEVPLLNTSVLLASGVSITWAHHSLMENNRNQMIQALLITILLGLYFTLLQASEYFESPFTISDGIYGSTFFVATGFHGLHVIIGSTFLTICFIRQLMFHFTSKHHFGFEAAAWYWHFVDVVWLFLYVSIYWWGSX
6,CDS,MT-CYB,14747,15887,Cytochrome B,1141,ATGACCCCAATACGCAAAATTAACCCCCTAATAAAATTAATTAACCACTCATTCATCGACCTCCCCACCCCATCCAACATCTCCGCATGATGAAACTTCGGCTCACTCCTTGGCGCCTGCCTGATCCTCCAAATCACCACAGGACTATTCCTAGCCATGCACTACTCACCAGACGCCTCAACCGCCTTTTCATCAATCGCCCACATCACTCGAGACGTAAATTATGGCTGAATCATCCGCTACCTTCACGCCAATGGCGCCTCAATATTCTTTATCTGCCTCTTCCTACACATCGGGCGAGGCCTATATTACGGATCATTTCTCTACTCAGAAACCTGAAACATCGGCATTATCCTCCTGCTTGCAACTATAGCAACAGCCTTCATAGGCTATGTCCTCCCGTGAGGCCAAATATCATTCTGAGGGGCCACAGTAATTACAAACTTACTATCCGCCATCCCATACATTGGGACAGACCTAGTTCAATGAATCTGAGGAGGCTACTCAGTAGACAGTCCCACCCTCACACGATTCTTTACCTTTCACTTCATCTTGCCCTTCATTATTGCAGCCCTAGCAGCACTCCACCTCCTATTCTTGCACGAAACGGGATCAAACAACCCCCTAGGAATCACCTCCCATTCCGATAAAATCACCTTCCACCCTTACTACACAATCAAAGACGCCCTCGGCTTACTTCTCTTCCTTCTCTCCTTAATGACATTAACACTATTCTCACCAGACCTCCTAGGCGACCCAGACAATTATACCCTAGCCAACCCCTTAAACACCCCTCCCCACATCAAGCCCGAATGATATTTCCTATTCGCCTACACAATTCTCCGATCCGTCCCTAACAAACTAGGAGGCGTCCTTGCCCTATTACTATCCATCCTCATCCTAGCAATAATCCCCATCCTCCATATATCCAAACAACAAAGCATAATATTTCGCCCACTAAGCCAATCACTTTATTGACTCCTAGCCGCAGACCTCCTCATTCTAACCTGAATCGGAGGACAACCAGTAAGCTACCCTTTTACCATCATTGGACAAGTAGCATCCGTACTATACTTCACAACAATCCTAATCCTAATACCAACTATCTCCCTAATTGAAAACAAAATACTCAAATGGGCCT,MTPMRKTNPLMKLINHSFIDLPTPSNISAWWNFGSLLGACLILQITTGLFLAMHYSPDASTAFSSIAHITRDVNYGWIIRYLHANGASMFFICLFLHIGRGLYYGSFLYSETWNIGIILLLATMATAFMGYVLPWGQMSFWGATVITNLLSAIPYIGTDLVQWIWGGYSVDSPTLTRFFTFHFILPFIIAALATLHLLFLHETGSNNPLGITSHSDKITFHPYYTIKDALGLLLFLLSLMTLTLFSPDLLGDPDNYTLANPLNTPPHIKPEWYFLFAYTILRSVPNKLGGVLALLLSILILAMIPILHMSKQQSMMFRPLSQSLYWLLAADLLILTWIGGQPVSYPFTIIGQVASVLYFTTILILMPTISLIENKMLKWAX
7,reg,MT-DLOOP,16024,576,Displacement Loop,1123,<null>,<null>
8,reg,MT-NC1,3305,3306,Non-Coding Nucleotides 1,2,<null>,<null>
9,reg,MT-NC2,4401,4401,Non-Coding Nucleotides 2,1,<null>,<null>
10,reg,MT-NC3,5580,5586,Non-Coding Nucleotides 3,7,<null>,<null>
11,reg,MT-NC4,5656,5656,Non-Coding Nucleotides 4,1,<null>,<null>
12,reg,MT-NC5,5892,5903,Non-Coding Nucleotides 5,12,<null>,<null>
13,reg,MT-NC6,7515,7517,Non-Coding Nucleotides 6,3,<null>,<null>
14,reg,MT-NC7,8270,8294,Non-Coding Nucleotides 7,25,<null>,<null>
15,reg,MT-NC8,8365,8365,Non-Coding Nucleotides 8,1,<null>,<null>
16,reg,MT-NC9,14743,14746,Non-Coding Nucleotides 9,4,<null>,<null>
17,reg,MT-NC10,15954,15955,Non-Coding Nucleotides 10,2,<null>,<null>
18,CDS,MT-ND1,3307,4262,NADH Dehydrogenase subunit 1,956,ATACCCATGGCCAACCTCCTACTCCTCATTGTACCCATTCTAATCGCAATGGCATTCCTAATGCTTACCGAACGAAAAATTCTAGGCTATATACAACTACGCAAAGGCCCCAACGTTGTAGGCCCCTACGGGCTACTACAACCCTTCGCTGACGCCATAAAACTCTTCACCAAAGAGCCCCTAAAACCCGCCACATCTACCATCACCCTCTACATCACCGCCCCGACCTTAGCTCTCACCATCGCTCTTCTACTATGAACCCCCCTCCCCATACCCAACCCCCTGGTTAACCTCAACCTAGGCCTCCTATTTATTCTAGCCACCTCTAGCCTAGCCGTTTACTCAATCCTCTGATCAGGGTGAGCATCAAACTCAAACTACGCCCTGATCGGCGCACTGCGAGCAGTAGCCCAAACAATCTCATATGAAGTCACCCTAGCCATCATTCTACTATCAACATTACTAATAAGTGGCTCCTTTAACCTCTCCACCCTTATCACAACACAAGAACACCTCTGATTACTCCTGCCATCATGACCCTTGGCCATAATATGATTTATCTCCACACTAGCAGAGACCAACCGAACCCCCTTCGACCTTGCCGAAGGGGAGTCCGAACTAGTCTCAGGCTTCAACATCGAATACGCCGCAGGCCCCTTCGCCCTATTCTTCATAGCCGAATACACAAACATTATTATAATAAACACCCTCACCACTACAATCTTCCTAGGAACAACATATGACGCACTCTCCCCTGAACTCTACACAACATATTTTGTCACCAAGACCCTACTTCTGACCTCCCTGTTCTTATGAATTCGAACAGCATACCCCCGATTCCGCTACGACCAACTCATACACCTCCTATGAAAAAACTTCCTACCACTCACCCTAGCATTACTTATATGATATGTCTCCATACCCATTACAATCTCCAGCATTCCCCCTCAAACCTA,MPMANLLLLIVPILIAMAFLMLTERKILGYMQLRKGPNVVGPYGLLQPFADAMKLFTKEPLKPATSTITLYITAPTLALTIALLLWTPLPMPNPLVNLNLGLLFILATSSLAVYSILWSGWASNSNYALIGALRAVAQTISYEVTLAIILLSTLLMSGSFNLSTLITTQEHLWLLLPSWPLAMMWFISTLAETNRTPFDLAEGESELVSGFNIEYAAGPFALFFMAEYTNIIMMNTLTTTIFLGTTYDALSPELYTTYFVTKTLLLTSLFLWIRTAYPRFRYDQLMHLLWKNFLPLTLALLMWYVSMPITISSIPPQTX
19,CDS,MT-ND2,4470,5511,NADH Dehydrogenase subunit 2,1042,ATTAATCCCCTGGCCCAACCCGTCATCTACTCTACCATCTTTGCAGGCACACTCATCACAGCGCTAAGCTCGCACTGATTTTTTACCTGAGTAGGCCTAGAAATAAACATGCTAGCTTTTATTCCAGTTCTAACCAAAAAAATAAACCCTCGTTCCACAGAAGCTGCCATCAAGTATTTCCTCACGCAAGCAACCGCATCCATAATCCTTCTAATAGCTATCCTCTTCAACAATATACTCTCCGGACAATGAACCATAACCAATACTACCAATCAATACTCATCATTAATAATCATAATGGCTATAGCAATAAAACTAGGAATAGCCCCCTTTCACTTCTGAGTCCCAGAGGTTACCCAAGGCACCCCTCTGACATCCGGCCTGCTTCTTCTCACATGACAAAAACTAGCCCCCATCTCAATCATATACCAAATCTCTCCCTCACTAAACGTAAGCCTTCTCCTCACTCTCTCAATCTTATCCATCATAGCAGGCAGTTGAGGTGGATTAAACCAAACCCAGCTACGCAAAATCTTAGCATACTCCTCAATTACCCACATAGGATGAATAATAGCAGTTCTACCGTACAACCCTAACATAACCATTCTTAATTTAACTATTTATATTATCCTAACTACTACCGCATTCCTACTACTCAACTTAAACTCCAGCACCACGACCCTACTACTATCTCGCACCTGAAACAAGCTAACATGACTAACACCCTTAATTCCATCCACCCTCCTCTCCCTAGGAGGCCTGCCCCCGCTAACCGGCTTTTTGCCCAAATGGGCCATTATCGAAGAATTCACAAAAAACAATAGCCTCATCATCCCCACCATCATAGCCACCATCACCCTCCTTAACCTCTACTTCTACCTACGCCTAATCTACTCCACCTCAATCACACTACTCCCCATATCTAACAACGTAAAAATAAAATGACAGTTTGAACATACAAAACCCACCCCATTCCTCCCCACACTCATCGCCCTTACCACGCTACTCCTACCTATCTCCCCTTTTATACTAATAATCTTAT,MNPLAQPVIYSTIFAGTLITALSSHWFFTWVGLEMNMLAFIPVLTKKMNPRSTEAAIKYFLTQATASMILLMAILFNNMLSGQWTMTNTTNQYSSLMIMMAMAMKLGMAPFHFWVPEVTQGTPLTSGLLLLTWQKLAPISIMYQISPSLNVSLLLTLSILSIMAGSWGGLNQTQLRKILAYSSITHMGWMMAVLPYNPNMTILNLTIYIILTTTAFLLLNLNSSTTTLLLSRTWNKLTWLTPLIPSTLLSLGGLPPLTGFLPKWAIIEEFTKNNSLIIPTIMATITLLNLYFYLRLIYSTSITLLPMSNNVKMKWQFEHTKPTPFLPTLIALTTLLLPISPFMLMILX
20,CDS,MT-ND3,10059,10404,NADH Dehydrogenase subunit 3,346,ATAAACTTCGCCTTAATTTTAATAATCAACACCCTCCTAGCCTTACTACTAATAATTATTACATTTTGACTACCACAACTCAACGGCTACATAGAAAAATCCACCCCTTACGAGTGCGGCTTCGACCCTATATCCCCCGCCCGCGTCCCTTTCTCCATAAAATTCTTCTTAGTAGCTATTACCTTCTTATTATTTGATCTAGAAATTGCCCTCCTTTTACCCCTACCATGAGCCCTACAAACAACTAACCTGCCACTAATAGTTATGTCATCCCTCTTATTAATCATCATCCTAGCCCTAAGTCTGGCCTATGAGTGACTACAAAAAGGATTAGACTGAGCCGAAT,MNFALILMINTLLALLLMIITFWLPQLNGYMEKSTPYECGFDPMSPARVPFSMKFFLVAITFLLFDLEIALLLPLPWALQTTNLPLMVMSSLLLIIILALSLAYEWLQKGLDWTEX
21,CDS,MT-ND4,10760,12137,NADH Dehydrogenase subunit 4,1378,ATGCTAAAACTAATCGTCCCAACAATTATATTACTACCACTGACATGACTCTCCAAAAAACACATAATTTGAATCAACACAACCACCCACAGCCTAATTATTAGCATCATCCCCCTACTATTTTTTAACCAAATCAACAACAACCTATTTAGCTGCTCCCCAACCTTTTCCTCCGACCCCCTAACAACCCCCCTCCTAATACTAACTACCTGACTCCTACCCCTCACAATCATGGCAAGCCAACGCCACTTATCCAGTGAACCACTATCACGAAAAAAACTCTACCTCTCTATACTAATCTCCCTACAAATCTCCTTAATTATAACATTCACAGCCACAGAACTAATCATATTTTATATCTTCTTCGAAACCACACTTATCCCCACCTTGGCTATCATCACCCGATGAGGCAACCAGCCAGAACGCCTGAACGCAGGCACATACTTCCTATTCTACACCCTAGTAGGCTCCCTTCCCCTACTCATCGCACTAATTTACACTCACAACACCCTAGGCTCACTAAACATTCTACTACTCACTCTCACTGCCCAAGAACTATCAAACTCCTGAGCCAACAACTTAATATGACTAGCTTACACAATAGCTTTTATAGTAAAGATACCTCTTTACGGACTCCACTTATGACTCCCTAAAGCCCATGTCGAAGCCCCCATCGCTGGGTCAATAGTACTTGCCGCAGTACTCTTAAAACTAGGCGGCTATGGTATAATACGCCTCACACTCATTCTCAACCCCCTGACAAAACACATAGCCTACCCCTTCCTTGTACTATCCCTATGAGGCATAATTATAACAAGCTCCATCTGCCTACGACAAACAGACCTAAAATCGCTCATTGCATACTCTTCAATCAGCCACATAGCCCTCGTAGTAACAGCCATTCTCATCCAAACCCCCTGAAGCTTCACCGGCGCAGTCATTCTCATAATCGCCCACGGACTTACATCCTCATTACTATTCTGCCTAGCAAACTCAAACTACGAACGCACTCACAGTCGCATCATAATCCTCTCTCAAGGACTTCAAACTCTACTCCCACTAATAGCTTTTTGATGACTTCTAGCAAGCCTCGCTAACCTCGCCTTACCCCCCACTATTAACCTACTGGGAGAACTCTCTGTGCTAGTAACCACATTCTCCTGATCAAATATCACTCTCCTACTTACAGGACTCAACATACTAGTCACAGCCCTATACTCCCTCTACATATTTACCACAACACAATGGGGCTCACTCACCCACCACATTAACAACATAAAACCCTCATTCACACGAGAAAACACCCTCATGTTCATACACCTATCCCCCATTCTCCTCCTATCCCTCAACCCCGACATCATTACCGGGTTTTCCTCTT,MLKLIVPTIMLLPLTWLSKKHMIWINTTTHSLIISIIPLLFFNQINNNLFSCSPTFSSDPLTTPLLMLTTWLLPLTIMASQRHLSSEPLSRKKLYLSMLISLQISLIMTFTATELIMFYIFFETTLIPTLAIITRWGNQPERLNAGTYFLFYTLVGSLPLLIALIYTHNTLGSLNILLLTLTAQELSNSWANNLMWLAYTMAFMVKMPLYGLHLWLPKAHVEAPIAGSMVLAAVLLKLGGYGMMRLTLILNPLTKHMAYPFLVLSLWGMIMTSSICLRQTDLKSLIAYSSISHMALVVTAILIQTPWSFTGAVILMIAHGLTSSLLFCLANSNYERTHSRIMILSQGLQTLLPLMAFWWLLASLANLALPPTINLLGELSVLVTTFSWSNITLLLTGLNMLVTALYSLYMFTTTQWGSLTHHINNMKPSFTRENTLMFMHLSPILLLSLNPDIITGFSSX
22,CDS,MT-ND4L,10470,10766,NADH Dehydrogenase subunit 4L,297,ATGCCCCTCATTTACATAAATATTATACTAGCATTTACCATCTCACTTCTAGGAATACTAGTATATCGCTCACACCTCATATCCTCCCTACTATGCCTAGAAGGAATAATACTATCGCTGTTCATTATAGCTACTCTCATAACCCTCAACACCCACTCCCTCTTAGCCAATATTGTGCCTATTGCCATACTAGTTTTTGCCGCCTGCGAAGCAGCGGTAGGCCTAGCCCTACTAGTCTCAATCTCCAACACATATGGCCTAGACTACGTACATAACCTAAACCTACTCCAATGCTAA,MPLIYMNIMLAFTISLLGMLVYRSHLMSSLLCLEGMMLSLFIMATLMTLNTHSLLANIVPIAMLVFAACEAAVGLALLVSISNTYGLDYVHNLNLLQCX
23,CDS,MT-ND5,12337,14148,NADH Dehydrogenase subunit 5,1812,ATAACCATGCACACTACTATAACCACCCTAACCCTGACTTCCCTAATTCCCCCCATCCTTACCACCCTCGTTAACCCTAACAAAAAAAACTCATACCCCCATTATGTAAAATCCATTGTCGCATCCACCTTTATTATCAGTCTCTTCCCCACAACAATATTCATGTGCCTAGACCAAGAAGTTATTATCTCGAACTGACACTGAGCCACAACCCAAACAACCCAGCTCTCCCTAAGCTTCAAACTAGACTACTTCTCCATAATATTCATCCCTGTAGCATTGTTCGTTACATGGTCCATCATAGAATTCTCACTGTGATATATAAACTCAGACCCAAACATTAATCAGTTCTTCAAATATCTACTCATTTTCCTAATTACCATACTAATCTTAGTTACCGCTAACAACCTATTCCAACTGTTCATCGGCTGAGAGGGCGTAGGAATTATATCCTTCTTGCTCATCAGTTGATGATACGCCCGAGCAGATGCCAACACAGCAGCCATTCAAGCAATCCTATACAACCGTATCGGCGATATCGGTTTCATCCTCGCCTTAGCATGATTTATCCTACACTCCAACTCATGAGACCCACAACAAATAGCCCTTCTAAACGCTAATCCAAGCCTCACCCCACTACTAGGCCTCCTCCTAGCAGCAGCAGGCAAATCAGCCCAATTAGGTCTCCACCCCTGACTCCCCTCAGCCATAGAAGGCCCCACCCCAGTCTCAGCCCTACTCCACTCAAGCACTATAGTTGTAGCAGGAGTCTTCTTACTCATCCGCTTCCACCCCCTAGCAGAAAATAGCCCACTAATCCAAACTCTAACACTATGCTTAGGCGCTATCACCACTCTGTTCGCAGCAGTCTGCGCCCTTACACAAAATGACATCAAAAAAATCGTAGCCTTCTCCACTTCAAGTCAACTAGGACTCATAGTAGTTACAATCGGCATCAACCAACCACACCTAGCATTCCTGCACATCTGTACCCACGCCTTCTTCAAAGCCATACTATTTATGTGCTCCGGGTCCATCATCCACAACCTTAACAATGAACAAGATATTCGAAAAATAGGAGGACTACTCAAAACCATACCTCTCACTTCAACCTCCCTCACCATTGGCAGCCTAGCATTAGCAGGAATACCTTTCCTCACAGGTTTCTATTCCAAAGACCACATCATCGAAACCGCAAACATATCATACACAAACGCCTGAGCCCTATCTATTACTCTCATCGCTACCTCCCTGACAAGCGCCTATAGCACTCGAATAATTCTTCTCACCCTAACAGGTCAACCTCGCTTCCCTACCCTTACTAACATTAACGAAAATAACCCCACCCTACTAAACCCCATTAAACGCCTGGCAGCCGGAAGCCTATTCGCAGGATTTCTCATTACTAACAACATTTCCCCCGCATCCCCCTTCCAAACAACAATCCCCCTCTACCTAAAACTCACAGCCCTCGCTGTCACTTTCCTAGGACTTCTAACAGCCCTAGACCTCAACTACCTAACCAACAAACTTAAAATAAAATCCCCACTATGCACATTTTATTTCTCCAACATACTCGGATTCTACCCTAGCATCACACACCGCACAATCCCCTATCTAGGCCTTCTTACGAGCCAAAACCTGCCCCTACTCCTCCTAGACCTAACCTGACTAGAAAAGCTATTACCTAAAACAATTTCACAGCACCAAATCTCCACCTCCATCATCACCTCAACCCAAAAAGGCATAATTAAACTTTACTTCCTCTCTTTCTTCTTCCCACTCATCCTAACCCTACTCCTAATCACATAA,MTMHTTMTTLTLTSLIPPILTTLVNPNKKNSYPHYVKSIVASTFIISLFPTTMFMCLDQEVIISNWHWATTQTTQLSLSFKLDYFSMMFIPVALFVTWSIMEFSLWYMNSDPNINQFFKYLLIFLITMLILVTANNLFQLFIGWEGVGIMSFLLISWWYARADANTAAIQAILYNRIGDIGFILALAWFILHSNSWDPQQMALLNANPSLTPLLGLLLAAAGKSAQLGLHPWLPSAMEGPTPVSALLHSSTMVVAGIFLLIRFHPLAENSPLIQTLTLCLGAITTLFAAVCALTQNDIKKIVAFSTSSQLGLMMVTIGINQPHLAFLHICTHAFFKAMLFMCSGSIIHNLNNEQDIRKMGGLLKTMPLTSTSLTIGSLALAGMPFLTGFYSKDHIIETANMSYTNAWALSITLIATSLTSAYSTRMILLTLTGQPRFPTLTNINENNPTLLNPIKRLAAGSLFAGFLITNNISPASPFQTTIPLYLKLTALAVTFLGLLTALDLNYLTNKLKMKSPLCTFYFSNMLGFYPSITHRTIPYLGLLTSQNLPLLLLDLTWLEKLLPKTISQHQISTSIITSTQKGMIKLYFLSFFFPLILTLLLITX
24,CDS,MT-ND6,14149,14673,NADH Dehydrogenase subunit 6,525,CCTATTCCCCCGAGCAATCTCAATTACAATATATACACCAACAAACAATGTTCAACCAGTAACTACTACTAATCAACGCCCATAATCATACAAAGCCCCCGCACCAATAGGATCCTCCCGAATCAACCCTGACCCCTCTCCTTCATAAATTATTCAGCTTCCTACACTATTAAAGTTTACCACAACCACCACCCCATCATACTCTTTCACCCACAGCACCAATCCTACCTCCATCGCTAACCCCACTAAAACACTCACCAAGACCTCAACCCCTGACCCCCATGCCTCAGGATACTCCTCAATAGCCATCGCTGTAGTATATCCAAAGACAACCATCATTCCCCCTAAATAAATTAAAAAAACTATTAAACCCATATAACCTCCCCCAAAATTCAGAATAATAACACACCCGACCACACCGCTAACAATCAATACTAAACCCCCATAAATAGGAGAAGGCTTAGAAGAAAACCCCACAAACCCCATTACTAAACCCACACTCAACAGAAACAAAGCATACATCAT,MMYALFLLSVGLVMGFVGFSSKPSPIYGGLVLIVSGVVGCVIILNFGGGYMGLMVFLIYLGGMMVVFGYTTAMAIEEYPEAWGSGVEVLVSVLVGLAMEVGLVLWVKEYDGVVVVVNFNSVGSWMIYEGEGSGLIREDPIGAGALYDYGRWLVVVTGWTLFVGVYIVIEIARGNX
25,reg,MT-ORIL,5721,5798,L-strand Origin,78,<null>,<null>
26,rRNA,MT-RNR1,648,1601,12S Ribosomal RNA,954,<null>,<null>
27,rRNA,MT-RNR2,1671,3229,16S Ribosomal RNA,1559,<null>,<null>
28,tRNA,MT-TA,5587,5655,tRNA Alanine,69,<null>,<null>
29,tRNA,MT-TC,5761,5826,tRNA Cysteine,66,<null>,<null>
30,tRNA,MT-TD,7518,7585,tRNA Aspartic Acid,68,<null>,<null>
31,tRNA,MT-TE,14674,14742,tRNA Glutamic Acid,69,<null>,<null>
32,tRNA,MT-TF,577,647,tRNA Phenylalanine,71,<null>,<null>
33,tRNA,MT-TG,9991,10058,tRNA Glycine,68,<null>,<null>
34,tRNA,MT-TH,12138,12206,tRNA Histidine,69,<null>,<null>
35,tRNA,MT-TI,4263,4331,tRNA Isoleucine,69,<null>,<null>
36,tRNA,MT-TK,8295,8364,tRNA Lysine,70,<null>,<null>
37,tRNA,MT-TL1,3230,3304,tRNA Leucine 1,75,<null>,<null>
38,tRNA,MT-TL2,12266,12336,tRNA Leucine 2,71,<null>,<null>
39,tRNA,MT-TM,4402,4469,tRNA Methionine,68,<null>,<null>
40,tRNA,MT-TN,5657,5729,tRNA Asparagine,73,<null>,<null>
41,tRNA,MT-TP,15956,16023,tRNA Proline,68,<null>,<null>
42,tRNA,MT-TQ,4329,4400,tRNA Glutamine,72,<null>,<null>
43,tRNA,MT-TR,10405,10469,tRNA Arginine,65,<null>,<null>
44,tRNA,MT-TS1,7446,7514,tRNA Serine 1,69,<null>,<null>
45,tRNA,MT-TS2,12207,12265,tRNA Serine 2,59,<null>,<null>
46,tRNA,MT-TT,15888,15953,tRNA Threonine,66,<null>,<null>
47,tRNA,MT-TV,1602,1670,tRNA Valine,69,<null>,<null>
48,tRNA,MT-TW,5512,5579,tRNA Tryptophan,68,<null>,<null>
49,tRNA,MT-TY,5826,5891,tRNA Tyrosine,66,<null>,<null>
